Task,Model,Embedding,Iteration,AUC,AUPRC,ACC,F1
mort_hosp,Proposed,word2vec,1,0.87914732,0.575310176,0.914253394,0.448326055
mort_icu,Proposed,word2vec,1,0.86405619,0.490404813,0.941855204,0.398126464
los_3,Proposed,word2vec,1,0.697917782,0.639052172,0.655656109,0.493004664
los_7,Proposed,word2vec,1,0.724177537,0.209931184,0.918778281,0.037533512
mort_hosp,Proposed,word2vec,2,0.880400215,0.572814765,0.914932127,0.450292398
mort_icu,Proposed,word2vec,2,0.877045712,0.522894136,0.94321267,0.400954654
los_3,Proposed,word2vec,2,0.702943523,0.648530169,0.670361991,0.565463764
los_7,Proposed,word2vec,2,0.723366777,0.218447643,0.918552036,0.032258065
mort_hosp,Proposed,word2vec,3,0.868597361,0.557607375,0.913574661,0.454285714
mort_icu,Proposed,word2vec,3,0.87021594,0.502533788,0.942760181,0.399049881
los_3,Proposed,word2vec,3,0.690644904,0.634081764,0.659276018,0.54391278
los_7,Proposed,word2vec,3,0.696394531,0.197528101,0.919230769,0.005571031
mort_hosp,Proposed,word2vec,4,0.870165904,0.566148449,0.916289593,0.432515337
mort_icu,Proposed,word2vec,4,0.878065309,0.516353559,0.943438914,0.456521739
los_3,Proposed,word2vec,4,0.699832071,0.646573677,0.664253394,0.532156368
los_7,Proposed,word2vec,4,0.719203359,0.210113067,0.919457014,0.021978022
mort_hosp,Proposed,word2vec,5,0.862826286,0.564560484,0.916289593,0.472934473
mort_icu,Proposed,word2vec,5,0.878361989,0.508926759,0.940045249,0.42516269
los_3,Proposed,word2vec,5,0.709807764,0.657824528,0.66719457,0.57959417
los_7,Proposed,word2vec,5,0.717379839,0.197250695,0.919230769,0.016528926
mort_hosp,Proposed,word2vec,6,0.876366281,0.570985966,0.914253394,0.440177253
mort_icu,Proposed,word2vec,6,0.870304867,0.503142115,0.941628959,0.434210526
los_3,Proposed,word2vec,6,0.702500493,0.640030637,0.663800905,0.542769231
los_7,Proposed,word2vec,6,0.731173789,0.219678859,0.919004525,0.011049724
mort_hosp,Proposed,word2vec,7,0.875174253,0.563718785,0.913574661,0.441520468
mort_icu,Proposed,word2vec,7,0.874821762,0.485735169,0.940497738,0.421978022
los_3,Proposed,word2vec,7,0.696495132,0.628141465,0.657692308,0.544688534
los_7,Proposed,word2vec,7,0.719028936,0.194562361,0.919230769,0.027247956
mort_hosp,Proposed,word2vec,8,0.880283867,0.581721218,0.915158371,0.487004104
mort_icu,Proposed,word2vec,8,0.874435388,0.484423609,0.940271493,0.346534653
los_3,Proposed,word2vec,8,0.692562957,0.631165319,0.652262443,0.581996193
los_7,Proposed,word2vec,8,0.7376578,0.218356902,0.919230769,0
mort_hosp,Proposed,word2vec,9,0.878001616,0.571498561,0.913122172,0.452991453
mort_icu,Proposed,word2vec,9,0.878906286,0.489491089,0.93959276,0.340740741
los_3,Proposed,word2vec,9,0.706673837,0.650968837,0.669230769,0.575986079
los_7,Proposed,word2vec,9,0.715357076,0.213994389,0.919230769,0
mort_hosp,Proposed,word2vec,10,0.875381093,0.564458605,0.911538462,0.462173315
mort_icu,Proposed,word2vec,10,0.880352888,0.519179988,0.944117647,0.473347548
los_3,Proposed,word2vec,10,0.706448977,0.646457196,0.667647059,0.561884879
los_7,Proposed,word2vec,10,0.730345793,0.220825118,0.919457014,0.021978022
mort_hosp,Proposed,fasttext,1,0.876876111,0.564096087,0.914932127,0.453488372
mort_icu,Proposed,fasttext,1,0.859947901,0.487113131,0.940723982,0.367149758
los_3,Proposed,fasttext,1,0.697873562,0.642376688,0.654298643,0.556329849
los_7,Proposed,fasttext,1,0.730070025,0.231301857,0.919909502,0.048387097
mort_hosp,Proposed,fasttext,2,0.871966604,0.557411356,0.914705882,0.454413893
mort_icu,Proposed,fasttext,2,0.875815295,0.514061387,0.941855204,0.365432099
los_3,Proposed,fasttext,2,0.700262661,0.642450143,0.668325792,0.549477566
los_7,Proposed,fasttext,2,0.731834944,0.215310823,0.917647059,0.037037037
mort_hosp,Proposed,fasttext,3,0.868670078,0.552368169,0.911312217,0.404255319
mort_icu,Proposed,fasttext,3,0.870090215,0.515204689,0.94321267,0.406619385
los_3,Proposed,fasttext,3,0.688343094,0.626329658,0.656108597,0.553203998
los_7,Proposed,fasttext,3,0.703707227,0.211180908,0.917873303,0.052219321
mort_hosp,Proposed,fasttext,4,0.866793428,0.552680558,0.913122172,0.407407407
mort_icu,Proposed,fasttext,4,0.868240374,0.49789601,0.938914027,0.415584416
los_3,Proposed,fasttext,4,0.695121824,0.641639398,0.664027149,0.522968198
los_7,Proposed,fasttext,4,0.712512522,0.195058105,0.918778281,0.021798365
mort_hosp,Proposed,fasttext,5,0.863837328,0.560013214,0.913574661,0.469444444
mort_icu,Proposed,fasttext,5,0.880894502,0.50445378,0.940723982,0.390697674
los_3,Proposed,fasttext,5,0.703003423,0.644167683,0.671493213,0.558662614
los_7,Proposed,fasttext,5,0.710222263,0.190803052,0.919230769,0
mort_hosp,Proposed,fasttext,6,0.872907622,0.576513254,0.916063348,0.456808199
mort_icu,Proposed,fasttext,6,0.8713053,0.486701494,0.940497738,0.424507659
los_3,Proposed,fasttext,6,0.694429681,0.628986801,0.657013575,0.488529015
los_7,Proposed,fasttext,6,0.708948211,0.201069954,0.919230769,0.005571031
mort_hosp,Proposed,fasttext,7,0.869713978,0.549819775,0.912217195,0.44092219
mort_icu,Proposed,fasttext,7,0.871273869,0.484797796,0.939140271,0.419006479
los_3,Proposed,fasttext,7,0.696132073,0.63853923,0.650678733,0.572772551
los_7,Proposed,fasttext,7,0.719931389,0.199628145,0.919230769,0
mort_hosp,Proposed,fasttext,8,0.877683814,0.572654797,0.916968326,0.468885673
mort_icu,Proposed,fasttext,8,0.870986388,0.477796841,0.938235294,0.325925926
los_3,Proposed,fasttext,8,0.690612288,0.624255023,0.653167421,0.52699784
los_7,Proposed,fasttext,8,0.729136548,0.191688537,0.919004525,0
mort_hosp,Proposed,fasttext,9,0.875581471,0.568440767,0.910859729,0.458791209
mort_icu,Proposed,fasttext,9,0.872072681,0.494070092,0.939819005,0.344827586
los_3,Proposed,fasttext,9,0.697345126,0.640563552,0.66199095,0.561619718
los_7,Proposed,fasttext,9,0.701914042,0.210835847,0.919230769,0
mort_hosp,Proposed,fasttext,10,0.871422569,0.552450256,0.913348416,0.464335664
mort_icu,Proposed,fasttext,10,0.878173402,0.507413918,0.942307692,0.456289979
los_3,Proposed,fasttext,10,0.69962446,0.640874053,0.661085973,0.555225653
los_7,Proposed,fasttext,10,0.725779064,0.205979021,0.919457014,0.011111111
mort_hosp,Proposed,concat,1,0.876387288,0.565811907,0.912443439,0.433382138
mort_icu,Proposed,concat,1,0.874526615,0.482364461,0.938461538,0.287958115
los_3,Proposed,concat,1,0.696554927,0.640188547,0.658371041,0.580555556
los_7,Proposed,concat,1,0.724654962,0.216904194,0.918325792,0.121654501
mort_hosp,Proposed,concat,2,0.88146997,0.576998833,0.915837104,0.457725948
mort_icu,Proposed,concat,2,0.868455026,0.498156018,0.942760181,0.393285372
los_3,Proposed,concat,2,0.698586821,0.634367482,0.659954751,0.545509525
los_7,Proposed,concat,2,0.713392913,0.216632802,0.919909502,0.038043478
mort_hosp,Proposed,concat,3,0.869799084,0.56154841,0.915837104,0.439759036
mort_icu,Proposed,concat,3,0.866518557,0.504147732,0.942986425,0.388349515
los_3,Proposed,concat,3,0.695024604,0.631103478,0.657692308,0.538578835
los_7,Proposed,concat,3,0.701102592,0.201197626,0.919457014,0.011111111
mort_hosp,Proposed,concat,4,0.87152599,0.554770944,0.914932127,0.417956656
mort_icu,Proposed,concat,4,0.883150266,0.518237502,0.939366516,0.427350427
los_3,Proposed,concat,4,0.694774341,0.637459241,0.657013575,0.564367816
los_7,Proposed,concat,4,0.716278832,0.208348357,0.919230769,0
mort_hosp,Proposed,concat,5,0.868002155,0.565697263,0.91719457,0.474137931
mort_icu,Proposed,concat,5,0.886288787,0.520682347,0.942533937,0.461864407
los_3,Proposed,concat,5,0.704344325,0.645572147,0.672171946,0.580607815
los_7,Proposed,concat,5,0.722337471,0.199487946,0.91561086,0.0968523
mort_hosp,Proposed,concat,6,0.871906275,0.568415341,0.915837104,0.449704142
mort_icu,Proposed,concat,6,0.875486417,0.509601514,0.941176471,0.429824561
los_3,Proposed,concat,6,0.699137315,0.635087956,0.660859729,0.495456075
los_7,Proposed,concat,6,0.703229458,0.198758446,0.919457014,0.005586592
mort_hosp,Proposed,concat,7,0.880218691,0.579690278,0.91561086,0.466380544
mort_icu,Proposed,concat,7,0.876923053,0.507506493,0.937782805,0.453280318
los_3,Proposed,concat,7,0.704714805,0.639214189,0.666289593,0.554245996
los_7,Proposed,concat,7,0.727916271,0.21568566,0.918778281,0.052770449
mort_hosp,Proposed,concat,8,0.876686238,0.570323691,0.913348416,0.459802539
mort_icu,Proposed,concat,8,0.886557102,0.500852706,0.940723982,0.422907489
los_3,Proposed,concat,8,0.706852386,0.649112287,0.670588235,0.572769953
los_7,Proposed,concat,8,0.729469538,0.202833095,0.919230769,0
mort_hosp,Proposed,concat,9,0.873409642,0.565057069,0.910180995,0.474172185
mort_icu,Proposed,concat,9,0.876589576,0.477076618,0.938235294,0.325925926
los_3,Proposed,concat,9,0.697292439,0.636156877,0.656108597,0.575892857
los_7,Proposed,concat,9,0.679551269,0.191293455,0.919230769,0
mort_hosp,Proposed,concat,10,0.873196876,0.556843968,0.911538462,0.443812233
mort_icu,Proposed,concat,10,0.884149165,0.518427394,0.942533937,0.459574468
los_3,Proposed,concat,10,0.705527061,0.646322512,0.667647059,0.563447251
los_7,Proposed,concat,10,0.719772822,0.218980324,0.919457014,0.011111111
mort_hosp,Time Series,,1,0.878797199,0.564112934,0.913800905,0.423600605
mort_icu,Time Series,,1,0.887855748,0.514709673,0.93959276,0.415754923
los_3,Time Series,,1,0.697040713,0.639523352,0.660633484,0.527410208
los_7,Time Series,,1,0.741251066,0.218239751,0.919230769,0.027247956
mort_hosp,Time Series,,2,0.878862375,0.561444781,0.914479638,0.444117647
mort_icu,Time Series,,2,0.884658964,0.511452832,0.940723982,0.357843137
los_3,Time Series,,2,0.69752953,0.641087409,0.661538462,0.564356436
los_7,Time Series,,2,0.727604652,0.217133825,0.918778281,0.016438356
mort_hosp,Time Series,,3,0.88043038,0.55804353,0.913800905,0.416539051
mort_icu,Time Series,,3,0.883640899,0.506304262,0.940723982,0.401826484
los_3,Time Series,,3,0.694895605,0.640556231,0.662443439,0.561176471
los_7,Time Series,,3,0.732732571,0.212295268,0.920135747,0.073490814
mort_hosp,Time Series,,4,0.878941557,0.556431473,0.912443439,0.416289593
mort_icu,Time Series,,4,0.886071835,0.514730937,0.939819005,0.372641509
los_3,Time Series,,4,0.698066016,0.640145868,0.657692308,0.566599828
los_7,Time Series,,4,0.732891828,0.206856681,0.917873303,0.037135279
mort_hosp,Time Series,,5,0.875580932,0.553705285,0.91199095,0.418535127
mort_icu,Time Series,,5,0.889681058,0.522518283,0.943665158,0.424942263
los_3,Time Series,,5,0.695409511,0.639056924,0.663348416,0.570190641
los_7,Time Series,,5,0.738135914,0.234108779,0.919457014,0.053191489
mort_hosp,Time Series,,6,0.875807703,0.554899125,0.911764706,0.433139535
mort_icu,Time Series,,6,0.886793219,0.51323957,0.940497738,0.427015251
los_3,Time Series,,6,0.68674869,0.628948771,0.652714932,0.560045858
los_7,Time Series,,6,0.737244836,0.217295018,0.918778281,0.047745358
mort_hosp,Time Series,,7,0.877513601,0.557443362,0.912669683,0.437317784
mort_icu,Time Series,,7,0.884792355,0.510008049,0.941628959,0.453389831
los_3,Time Series,,7,0.694967945,0.643519865,0.665158371,0.551786796
los_7,Time Series,,7,0.740561644,0.210420102,0.919457014,0.032608696
mort_hosp,Time Series,,8,0.877085914,0.564458283,0.913800905,0.461103253
mort_icu,Time Series,,8,0.888252087,0.514034664,0.940723982,0.430434783
los_3,Time Series,,8,0.698173271,0.646353611,0.659276018,0.537753223
los_7,Time Series,,8,0.733828062,0.195670919,0.918552036,0.02173913
mort_hosp,Time Series,,9,0.877702666,0.551212735,0.913800905,0.428785607
mort_icu,Time Series,,9,0.880744628,0.513440278,0.940045249,0.417582418
los_3,Time Series,,9,0.697767039,0.643747041,0.661764706,0.554927062
los_7,Time Series,,9,0.743734363,0.221076517,0.920135747,0.053619303
mort_hosp,Time Series,,10,0.876180986,0.540014016,0.909276018,0.41459854
mort_icu,Time Series,,10,0.87731326,0.488367205,0.940497738,0.429501085
los_3,Time Series,,10,0.696028895,0.641229687,0.658144796,0.534360555
los_7,Time Series,,10,0.726139631,0.211250359,0.919004525,0.042780749
mort_hosp,No Convolution,word2vec,1,0.87986857,0.580321674,0.917420814,0.456035768
mort_icu,No Convolution,word2vec,1,0.879032011,0.519007882,0.942081448,0.450643777
los_3,No Convolution,word2vec,1,0.700850684,0.638814077,0.658371041,0.52900811
los_7,No Convolution,word2vec,1,0.720017566,0.195522986,0.919230769,0.005571031
mort_hosp,No Convolution,word2vec,2,0.881141934,0.580205942,0.917420814,0.459259259
mort_icu,No Convolution,word2vec,2,0.878319059,0.525462645,0.94321267,0.395180723
los_3,No Convolution,word2vec,2,0.703937465,0.641195183,0.664253394,0.571840739
los_7,No Convolution,word2vec,2,0.725520531,0.199961922,0.918325792,0.032171582
mort_hosp,No Convolution,word2vec,3,0.873383248,0.574150581,0.916742081,0.445783133
mort_icu,No Convolution,word2vec,3,0.876642472,0.519151612,0.94321267,0.435955056
los_3,No Convolution,word2vec,3,0.704197763,0.637353417,0.665837104,0.565971202
los_7,No Convolution,word2vec,3,0.724279572,0.206411894,0.919230769,0
mort_hosp,No Convolution,word2vec,4,0.86418314,0.552639154,0.914705882,0.427921093
mort_icu,No Convolution,word2vec,4,0.885376515,0.526405053,0.941176471,0.465020576
los_3,No Convolution,word2vec,4,0.697746027,0.641613992,0.661764706,0.545177974
los_7,No Convolution,word2vec,4,0.731413707,0.228203842,0.920135747,0.073490814
mort_hosp,No Convolution,word2vec,5,0.879077296,0.577966824,0.917420814,0.465592972
mort_icu,No Convolution,word2vec,5,0.882676498,0.50831593,0.941628959,0.408256881
los_3,No Convolution,word2vec,5,0.695339471,0.635494662,0.659728507,0.50656168
los_7,No Convolution,word2vec,5,0.70871174,0.200819677,0.919230769,0.005571031
mort_hosp,No Convolution,word2vec,6,0.868265015,0.570323602,0.915837104,0.467048711
mort_icu,No Convolution,word2vec,6,0.875473385,0.521538713,0.943438914,0.465811966
los_3,No Convolution,word2vec,6,0.689496038,0.632971198,0.662669683,0.535369274
los_7,No Convolution,word2vec,6,0.723164087,0.203653423,0.919683258,0.016620499
mort_hosp,No Convolution,word2vec,7,0.87731861,0.561143352,0.914027149,0.455587393
mort_icu,No Convolution,word2vec,7,0.883870884,0.536079821,0.937330317,0.506238859
los_3,No Convolution,word2vec,7,0.698764326,0.635519004,0.657013575,0.537804878
los_7,No Convolution,word2vec,7,0.731927327,0.218537408,0.919457014,0.021978022
mort_hosp,No Convolution,word2vec,8,0.879006194,0.585540663,0.914932127,0.473389356
mort_icu,No Convolution,word2vec,8,0.881890718,0.499138263,0.940497738,0.36626506
los_3,No Convolution,word2vec,8,0.688171967,0.630010162,0.650226244,0.561542825
los_7,No Convolution,word2vec,8,0.728629823,0.214112246,0.919909502,0.022099448
mort_hosp,No Convolution,word2vec,9,0.882894156,0.583634514,0.914253394,0.491275168
mort_icu,No Convolution,word2vec,9,0.881676832,0.506966358,0.93959276,0.353510896
los_3,No Convolution,word2vec,9,0.7058505,0.641179925,0.660859729,0.562591188
los_7,No Convolution,word2vec,9,0.731039352,0.209160801,0.919230769,0.037735849
mort_hosp,No Convolution,word2vec,10,0.877243738,0.574256464,0.915158371,0.427480916
mort_icu,No Convolution,word2vec,10,0.885292954,0.511375594,0.941402715,0.396270396
los_3,No Convolution,word2vec,10,0.708867868,0.649923515,0.67239819,0.580046404
los_7,No Convolution,word2vec,10,0.722846953,0.217149356,0.919683258,0.016620499
mort_hosp,No Convolution,fasttext,1,0.875311608,0.569636248,0.916742081,0.47277937
mort_icu,No Convolution,fasttext,1,0.878290694,0.513223426,0.941402715,0.447761194
los_3,No Convolution,fasttext,1,0.697593716,0.63378486,0.662669683,0.538532962
los_7,No Convolution,fasttext,1,0.71172727,0.192713911,0.918325792,0.005509642
mort_hosp,No Convolution,fasttext,2,0.876887961,0.563983902,0.914027149,0.394904459
mort_icu,No Convolution,fasttext,2,0.874500934,0.486758881,0.936651584,0.259259259
los_3,No Convolution,fasttext,2,0.696119111,0.637146675,0.659049774,0.533292041
los_7,No Convolution,fasttext,2,0.719246793,0.199788857,0.919230769,0.072727273
mort_hosp,No Convolution,fasttext,3,0.869903043,0.558846086,0.913122172,0.449856734
mort_icu,No Convolution,fasttext,3,0.874757366,0.506895921,0.942760181,0.41025641
los_3,No Convolution,fasttext,3,0.696038826,0.624514442,0.662217195,0.55178625
los_7,No Convolution,fasttext,3,0.706469396,0.190693123,0.918099548,0.02688172
mort_hosp,No Convolution,fasttext,4,0.865889039,0.549725527,0.911764706,0.429824561
mort_icu,No Convolution,fasttext,4,0.880426483,0.511753514,0.93959276,0.447204969
los_3,No Convolution,fasttext,4,0.701027457,0.642194331,0.662669683,0.547496206
los_7,No Convolution,fasttext,4,0.726507783,0.208173314,0.919004525,0.021857923
mort_hosp,No Convolution,fasttext,5,0.87389227,0.562702626,0.914705882,0.417310665
mort_icu,No Convolution,fasttext,5,0.883411298,0.505308542,0.940045249,0.434968017
los_3,No Convolution,fasttext,5,0.701206738,0.644732365,0.661764706,0.584144645
los_7,No Convolution,fasttext,5,0.722294037,0.179542273,0.916968326,0.046753247
mort_hosp,No Convolution,fasttext,6,0.864150283,0.554958217,0.911312217,0.431884058
mort_icu,No Convolution,fasttext,6,0.861181384,0.494774436,0.942307692,0.426966292
los_3,No Convolution,fasttext,6,0.694827237,0.635425953,0.661312217,0.535525908
los_7,No Convolution,fasttext,6,0.700876462,0.196036296,0.919004525,0.027173913
mort_hosp,No Convolution,fasttext,7,0.869989766,0.554893602,0.913348416,0.3872
mort_icu,No Convolution,fasttext,7,0.864922465,0.495913043,0.940723982,0.435344828
los_3,No Convolution,fasttext,7,0.709240021,0.648789274,0.67239819,0.582708934
los_7,No Convolution,fasttext,7,0.740765024,0.206053331,0.918778281,0.021798365
mort_hosp,No Convolution,fasttext,8,0.877965527,0.579815243,0.915384615,0.479108635
mort_icu,No Convolution,fasttext,8,0.88422506,0.505039747,0.940497738,0.441613588
los_3,No Convolution,fasttext,8,0.684521729,0.628099246,0.650904977,0.554432573
los_7,No Convolution,fasttext,8,0.736904262,0.217385557,0.919230769,0.005571031
mort_hosp,No Convolution,fasttext,9,0.874722866,0.567087987,0.908823529,0.491803279
mort_icu,No Convolution,fasttext,9,0.873697905,0.486533559,0.941402715,0.372881356
los_3,No Convolution,fasttext,9,0.700466404,0.639577887,0.662895928,0.572085009
los_7,No Convolution,fasttext,9,0.729959717,0.215986929,0.919909502,0.082901554
mort_hosp,No Convolution,fasttext,10,0.872551576,0.569333041,0.914705882,0.431372549
mort_icu,No Convolution,fasttext,10,0.876913854,0.507506012,0.939819005,0.42173913
los_3,No Convolution,fasttext,10,0.701672766,0.642763185,0.657692308,0.577019849
los_7,No Convolution,fasttext,10,0.719223353,0.208788951,0.919230769,0.027247956
mort_hosp,No Convolution,concat,1,0.880072179,0.575026541,0.915384615,0.446745562
mort_icu,No Convolution,concat,1,0.883786556,0.512028404,0.940497738,0.436830835
los_3,No Convolution,concat,1,0.700367407,0.639959108,0.661312217,0.539809407
los_7,No Convolution,concat,1,0.715834845,0.194792006,0.918778281,0.032345013
mort_hosp,No Convolution,concat,2,0.876854834,0.571144149,0.917420814,0.449472097
mort_icu,No Convolution,concat,2,0.878376555,0.510095161,0.937782805,0.266666667
los_3,No Convolution,concat,2,0.702262775,0.641394806,0.666289593,0.567575491
los_7,No Convolution,concat,2,0.711512171,0.182601123,0.918778281,0.005540166
mort_hosp,No Convolution,concat,3,0.871933208,0.57219718,0.913800905,0.451798561
mort_icu,No Convolution,concat,3,0.87514834,0.50871733,0.939819005,0.468
los_3,No Convolution,concat,3,0.698911724,0.634131494,0.664705882,0.577777778
los_7,No Convolution,concat,3,0.706209828,0.201989389,0.919004525,0.021857923
mort_hosp,No Convolution,concat,4,0.86747428,0.55259899,0.914027149,0.408099688
mort_icu,No Convolution,concat,4,0.87785449,0.528357238,0.942986425,0.419354839
los_3,No Convolution,concat,4,0.702362713,0.639896564,0.667647059,0.5713452
los_7,No Convolution,concat,4,0.704541428,0.191418316,0.918778281,0.032345013
mort_hosp,No Convolution,concat,5,0.874047401,0.580850226,0.918778281,0.496493689
mort_icu,No Convolution,concat,5,0.888083432,0.537581097,0.944570136,0.459161148
los_3,No Convolution,concat,5,0.704296865,0.648931671,0.657466063,0.591473287
los_7,No Convolution,concat,5,0.734958714,0.217197763,0.917873303,0.052219321
mort_hosp,No Convolution,concat,6,0.868602478,0.56414971,0.913800905,0.414746544
mort_icu,No Convolution,concat,6,0.879303392,0.504191271,0.941176471,0.449152542
los_3,No Convolution,concat,6,0.694906581,0.631404736,0.66199095,0.55
los_7,No Convolution,concat,6,0.689023579,0.182369399,0.919683258,0.022038567
mort_hosp,No Convolution,concat,7,0.876975492,0.572718504,0.914932127,0.459770115
mort_icu,No Convolution,concat,7,0.875271765,0.521870762,0.941628959,0.477732794
los_3,No Convolution,concat,7,0.710254662,0.652029376,0.669230769,0.585130533
los_7,No Convolution,concat,7,0.718705597,0.194944396,0.918552036,0.02173913
mort_hosp,No Convolution,concat,8,0.875062214,0.580706208,0.91561086,0.458635704
mort_icu,No Convolution,concat,8,0.887161195,0.525883585,0.94321267,0.473794549
los_3,No Convolution,concat,8,0.691451933,0.632808509,0.654072398,0.560505892
los_7,No Convolution,concat,8,0.722720444,0.197919577,0.919683258,0.02739726
mort_hosp,No Convolution,concat,9,0.876590897,0.572126293,0.912895928,0.483221477
mort_icu,No Convolution,concat,9,0.877117007,0.494027006,0.940723982,0.36097561
los_3,No Convolution,concat,9,0.705387713,0.641028501,0.664479638,0.525743524
los_7,No Convolution,concat,9,0.701346647,0.181563669,0.919230769,0.011080332
mort_hosp,No Convolution,concat,10,0.869976299,0.558240448,0.914705882,0.427921093
mort_icu,No Convolution,concat,10,0.881224529,0.507351095,0.942307692,0.41108545
los_3,No Convolution,concat,10,0.699313565,0.643268136,0.657466063,0.572557877
los_7,No Convolution,concat,10,0.707612112,0.183723758,0.919457014,0.032608696
mort_hosp,No Time Series,word2vec,1,0.743491786,0.275538871,0.893438914,0.008421053
mort_icu,No Time Series,word2vec,1,0.733698319,0.219891851,0.92760181,0
los_3,No Time Series,word2vec,1,0.628828161,0.548173323,0.614705882,0.488127442
los_7,No Time Series,word2vec,1,0.645174289,0.121491733,0.919230769,0
mort_hosp,No Time Series,word2vec,2,0.734440883,0.257170654,0.893438914,0.00422833
mort_icu,No Time Series,word2vec,2,0.74112145,0.237010652,0.928054299,0.01242236
los_3,No Time Series,word2vec,2,0.634477572,0.543159646,0.612669683,0.484957882
los_7,No Time Series,word2vec,2,0.616869391,0.118299615,0.919230769,0
mort_hosp,No Time Series,word2vec,3,0.738672771,0.27176156,0.893438914,0.00422833
mort_icu,No Time Series,word2vec,3,0.730607328,0.208611627,0.927828054,0
los_3,No Time Series,word2vec,3,0.632618479,0.543669869,0.614932127,0.45968254
los_7,No Time Series,word2vec,3,0.636161824,0.124135554,0.919230769,0
mort_hosp,No Time Series,word2vec,4,0.741971182,0.276712074,0.893891403,0.016771488
mort_icu,No Time Series,word2vec,4,0.743416695,0.238551381,0.928054299,0.00625
los_3,No Time Series,word2vec,4,0.630457794,0.544899309,0.605656109,0.44366422
los_7,No Time Series,word2vec,4,0.633660947,0.126738021,0.919230769,0
mort_hosp,No Time Series,word2vec,5,0.745580393,0.27653101,0.893665158,0.036885246
mort_icu,No Time Series,word2vec,5,0.722091387,0.221223171,0.927828054,0
los_3,No Time Series,word2vec,5,0.632268696,0.545313424,0.611085973,0.477666363
los_7,No Time Series,word2vec,5,0.647269787,0.126440228,0.918552036,0
mort_hosp,No Time Series,word2vec,6,0.737615675,0.281314108,0.893891403,0.00845666
mort_icu,No Time Series,word2vec,6,0.739478978,0.219195039,0.928054299,0.00625
los_3,No Time Series,word2vec,6,0.6369019,0.552547791,0.617647059,0.444809461
los_7,No Time Series,word2vec,6,0.631003915,0.124438452,0.919230769,0
mort_hosp,No Time Series,word2vec,7,0.733260706,0.26439162,0.893438914,0
mort_icu,No Time Series,word2vec,7,0.746211389,0.216356634,0.927828054,0.00623053
los_3,No Time Series,word2vec,7,0.630483197,0.547229655,0.611538462,0.443796566
los_7,No Time Series,word2vec,7,0.638668216,0.125161707,0.919230769,0
mort_hosp,No Time Series,word2vec,8,0.733620522,0.261527035,0.892986425,0.004210526
mort_icu,No Time Series,word2vec,8,0.728492621,0.221632156,0.92760181,0
los_3,No Time Series,word2vec,8,0.632901879,0.545169535,0.617873303,0.43112159
los_7,No Time Series,word2vec,8,0.647066062,0.127281523,0.919230769,0
mort_hosp,No Time Series,word2vec,9,0.712684891,0.265404917,0.893665158,0.004237288
mort_icu,No Time Series,word2vec,9,0.75295415,0.237564681,0.927828054,0.00623053
los_3,No Time Series,word2vec,9,0.630674396,0.541304296,0.610180995,0.422006038
los_7,No Time Series,word2vec,9,0.632234878,0.116957859,0.919230769,0
mort_hosp,No Time Series,word2vec,10,0.737081605,0.273582116,0.893438914,0
mort_icu,No Time Series,word2vec,10,0.74275779,0.21793689,0.927828054,0.00623053
los_3,No Time Series,word2vec,10,0.629696239,0.545125132,0.614253394,0.440800262
los_7,No Time Series,word2vec,10,0.642472446,0.128585671,0.919230769,0
mort_hosp,No Time Series,fasttext,1,0.706030164,0.235417196,0.893665158,0
mort_icu,No Time Series,fasttext,1,0.729025035,0.190912984,0.92760181,0
los_3,No Time Series,fasttext,1,0.621857814,0.527267828,0.600226244,0.406847936
los_7,No Time Series,fasttext,1,0.633104928,0.121690115,0.919230769,0
mort_hosp,No Time Series,fasttext,2,0.715324805,0.226256189,0.893665158,0.004237288
mort_icu,No Time Series,fasttext,2,0.726983156,0.193978986,0.92760181,0
los_3,No Time Series,fasttext,2,0.618384454,0.529175682,0.605429864,0.411605938
los_7,No Time Series,fasttext,2,0.612879363,0.113745155,0.919230769,0
mort_hosp,No Time Series,fasttext,3,0.723478319,0.253449538,0.893438914,0.00422833
mort_icu,No Time Series,fasttext,3,0.718936383,0.188794634,0.927828054,0
los_3,No Time Series,fasttext,3,0.620370978,0.523782447,0.600226244,0.42981607
los_7,No Time Series,fasttext,3,0.623805663,0.123856797,0.919230769,0
mort_hosp,No Time Series,fasttext,4,0.712445193,0.244619197,0.893665158,0
mort_icu,No Time Series,fasttext,4,0.725012956,0.204776758,0.927828054,0
los_3,No Time Series,fasttext,4,0.619661378,0.529995005,0.604524887,0.425
los_7,No Time Series,fasttext,4,0.627329987,0.116241363,0.919230769,0
mort_hosp,No Time Series,fasttext,5,0.715262591,0.25258821,0.893665158,0
mort_icu,No Time Series,fasttext,5,0.720649384,0.179894233,0.927828054,0
los_3,No Time Series,fasttext,5,0.609658819,0.519421665,0.597737557,0.304381847
los_7,No Time Series,fasttext,5,0.623123825,0.116001233,0.919230769,0
mort_hosp,No Time Series,fasttext,6,0.712976569,0.246257028,0.893665158,0
mort_icu,No Time Series,fasttext,6,0.723162731,0.189591084,0.927828054,0
los_3,No Time Series,fasttext,6,0.619987326,0.530921603,0.604977376,0.402872777
los_7,No Time Series,fasttext,6,0.627425127,0.118816965,0.919230769,0
mort_hosp,No Time Series,fasttext,7,0.707219499,0.238580726,0.893891403,0.004246285
mort_icu,No Time Series,fasttext,7,0.72673209,0.185852789,0.928054299,0
los_3,No Time Series,fasttext,7,0.621209682,0.535375281,0.609728507,0.396219811
los_7,No Time Series,fasttext,7,0.604492892,0.111904702,0.919230769,0
mort_hosp,No Time Series,fasttext,8,0.70910342,0.231521064,0.893665158,0
mort_icu,No Time Series,fasttext,8,0.733793379,0.194359772,0.928054299,0
los_3,No Time Series,fasttext,8,0.611803613,0.52176033,0.602941176,0.378761062
los_7,No Time Series,fasttext,8,0.617453331,0.111563561,0.917873303,0
mort_hosp,No Time Series,fasttext,9,0.691591705,0.22829136,0.893438914,0
mort_icu,No Time Series,fasttext,9,0.723345952,0.192661574,0.928054299,0
los_3,No Time Series,fasttext,9,0.617062473,0.533528365,0.6,0.321044547
los_7,No Time Series,fasttext,9,0.625439937,0.120827469,0.919230769,0
mort_hosp,No Time Series,fasttext,10,0.720883921,0.255046692,0.893891403,0.004246285
mort_icu,No Time Series,fasttext,10,0.711390593,0.184103275,0.928054299,0
los_3,No Time Series,fasttext,10,0.615049814,0.521686557,0.602941176,0.389140271
los_7,No Time Series,fasttext,10,0.625670894,0.117987475,0.919230769,0
mort_hosp,No Time Series,concat,1,0.723074064,0.241716587,0.893665158,0.008438819
mort_icu,No Time Series,concat,1,0.743043737,0.212266014,0.927828054,0
los_3,No Time Series,concat,1,0.620511372,0.532907797,0.606108597,0.442165972
los_7,No Time Series,concat,1,0.614488818,0.110966786,0.919230769,0
mort_hosp,No Time Series,concat,2,0.733706706,0.250027332,0.893438914,0
mort_icu,No Time Series,concat,2,0.736268395,0.19706564,0.92760181,0
los_3,No Time Series,concat,2,0.630251751,0.543822547,0.609049774,0.401247401
los_7,No Time Series,concat,2,0.595198109,0.103638338,0.919230769,0
mort_hosp,No Time Series,concat,3,0.740556962,0.27227228,0.893438914,0
mort_icu,No Time Series,concat,3,0.746452873,0.228417416,0.927828054,0.00623053
los_3,No Time Series,concat,3,0.621678114,0.538619451,0.608823529,0.368286445
los_7,No Time Series,concat,3,0.60501444,0.105618209,0.919230769,0
mort_hosp,No Time Series,concat,4,0.740895233,0.273742554,0.894570136,0.029166667
mort_icu,No Time Series,concat,4,0.746089881,0.205251512,0.927375566,0
los_3,No Time Series,concat,4,0.633091406,0.54521669,0.614027149,0.451093951
los_7,No Time Series,concat,4,0.598512159,0.106616799,0.919230769,0
mort_hosp,No Time Series,concat,5,0.732833019,0.274914214,0.893665158,0
mort_icu,No Time Series,concat,5,0.738747627,0.19225109,0.92760181,0
los_3,No Time Series,concat,5,0.620473111,0.535533878,0.606334842,0.350746269
los_7,No Time Series,concat,5,0.604509094,0.106871053,0.919230769,0
mort_hosp,No Time Series,concat,6,0.736291139,0.258833001,0.893438914,0
mort_icu,No Time Series,concat,6,0.743153363,0.191556597,0.927828054,0
los_3,No Time Series,concat,6,0.634836658,0.547938257,0.611764706,0.411522634
los_7,No Time Series,concat,6,0.606789011,0.107705898,0.919230769,0
mort_hosp,No Time Series,concat,7,0.730092378,0.255693279,0.893665158,0
mort_icu,No Time Series,concat,7,0.74126979,0.203147235,0.927828054,0
los_3,No Time Series,concat,7,0.62528936,0.543153695,0.609049774,0.405777166
los_7,No Time Series,concat,7,0.622680527,0.119086593,0.919230769,0
mort_hosp,No Time Series,concat,8,0.721678696,0.233304004,0.893891403,0.004246285
mort_icu,No Time Series,concat,8,0.751489149,0.225676355,0.928054299,0.00625
los_3,No Time Series,concat,8,0.620066461,0.532654881,0.604977376,0.386938202
los_7,No Time Series,concat,8,0.600898248,0.103990601,0.919230769,0
mort_hosp,No Time Series,concat,9,0.710140048,0.254774518,0.893665158,0
mort_icu,No Time Series,concat,9,0.739883751,0.21113741,0.927828054,0
los_3,No Time Series,concat,9,0.62607684,0.549541847,0.610633484,0.404292143
los_7,No Time Series,concat,9,0.612098593,0.113020665,0.919230769,0
mort_hosp,No Time Series,concat,10,0.735642338,0.266205012,0.893438914,0
mort_icu,No Time Series,concat,10,0.747065398,0.204896329,0.927828054,0
los_3,No Time Series,concat,10,0.612655489,0.524251307,0.598190045,0.337807606
los_7,No Time Series,concat,10,0.603858624,0.107323518,0.919230769,0
mort_hosp,Proposed (Tuned),word2vec,1,0.881013197,0.57233092,0.913800905,0.461103253
mort_icu,Proposed (Tuned),word2vec,1,0.87638719,0.502345675,0.941628959,0.421524664
los_3,Proposed (Tuned),word2vec,1,0.709302953,0.649868285,0.665158371,0.547953574
los_7,Proposed (Tuned),word2vec,1,0.72787008,0.224546557,0.919230769,0
mort_hosp,Proposed (Tuned),word2vec,2,0.883884729,0.568650838,0.914027149,0.447674419
mort_icu,Proposed (Tuned),word2vec,2,0.876710318,0.496385365,0.938235294,0.298200514
los_3,Proposed (Tuned),word2vec,2,0.706960165,0.646613431,0.665158371,0.560830861
los_7,Proposed (Tuned),word2vec,2,0.733474389,0.232208674,0.919230769,0
mort_hosp,Proposed (Tuned),word2vec,3,0.873711823,0.561523382,0.915384615,0.424615385
mort_icu,Proposed (Tuned),word2vec,3,0.884955644,0.499497216,0.933031674,0.463768116
los_3,Proposed (Tuned),word2vec,3,0.702746784,0.646131438,0.67239819,0.577102804
los_7,Proposed (Tuned),word2vec,3,0.740787775,0.231699982,0.919683258,0.016620499
mort_hosp,Proposed (Tuned),word2vec,4,0.882607056,0.583702565,0.917647059,0.477011494
mort_icu,Proposed (Tuned),word2vec,4,0.885279155,0.519336579,0.94321267,0.435955056
los_3,Proposed (Tuned),word2vec,4,0.701313889,0.647314508,0.665158371,0.542927733
los_7,Proposed (Tuned),word2vec,4,0.744760912,0.232151718,0.919230769,0
mort_hosp,Proposed (Tuned),word2vec,5,0.883026124,0.578794381,0.915837104,0.476056338
mort_icu,Proposed (Tuned),word2vec,5,0.878086775,0.495823405,0.940271493,0.394495413
los_3,Proposed (Tuned),word2vec,5,0.706400262,0.650993085,0.665158371,0.581211092
los_7,Proposed (Tuned),word2vec,5,0.72274354,0.219544112,0.919230769,0
mort_hosp,Proposed (Tuned),word2vec,6,0.88109561,0.579369168,0.914479638,0.464589235
mort_icu,Proposed (Tuned),word2vec,6,0.880111404,0.503668352,0.93959276,0.43551797
los_3,Proposed (Tuned),word2vec,6,0.705558004,0.646313868,0.662895928,0.496621622
los_7,Proposed (Tuned),word2vec,6,0.716020989,0.225131161,0.919230769,0
mort_hosp,Proposed (Tuned),word2vec,7,0.877035281,0.559194147,0.915158371,0.47257384
mort_icu,Proposed (Tuned),word2vec,7,0.888591698,0.51942162,0.941402715,0.461538462
los_3,Proposed (Tuned),word2vec,7,0.705387608,0.647877767,0.659728507,0.554766134
los_7,Proposed (Tuned),word2vec,7,0.722089279,0.21970131,0.919230769,0
mort_hosp,Proposed (Tuned),word2vec,8,0.879692971,0.572006139,0.915837104,0.465517241
mort_icu,Proposed (Tuned),word2vec,8,0.884425913,0.509764368,0.940497738,0.424507659
los_3,Proposed (Tuned),word2vec,8,0.706863049,0.650998617,0.664253394,0.578887628
los_7,Proposed (Tuned),word2vec,8,0.73225756,0.226812775,0.919230769,0
mort_hosp,Proposed (Tuned),word2vec,9,0.885444115,0.579971055,0.912895928,0.468965517
mort_icu,Proposed (Tuned),word2vec,9,0.879038144,0.500066865,0.93800905,0.293814433
los_3,Proposed (Tuned),word2vec,9,0.705691498,0.64412955,0.667420814,0.582860386
los_7,Proposed (Tuned),word2vec,9,0.738184518,0.236907595,0.919457014,0.005586592
mort_hosp,Proposed (Tuned),word2vec,10,0.88568543,0.580857329,0.914027149,0.442815249
mort_icu,Proposed (Tuned),word2vec,10,0.882610569,0.496953721,0.938914027,0.369158879
los_3,Proposed (Tuned),word2vec,10,0.711541517,0.652908685,0.670361991,0.57950938
los_7,Proposed (Tuned),word2vec,10,0.734541614,0.200718986,0.919230769,0
mort_hosp,Proposed (Tuned),fasttext,1,0.876135201,0.552191017,0.913574661,0.429850746
mort_icu,Proposed (Tuned),fasttext,1,0.882391317,0.51290752,0.942307692,0.4345898
los_3,Proposed (Tuned),fasttext,1,0.699008525,0.641588128,0.65678733,0.512061756
los_7,Proposed (Tuned),fasttext,1,0.722948988,0.218589214,0.919230769,0
mort_hosp,Proposed (Tuned),fasttext,2,0.881792621,0.565238901,0.914479638,0.448979592
mort_icu,Proposed (Tuned),fasttext,2,0.878489247,0.51492305,0.938914027,0.296875
los_3,Proposed (Tuned),fasttext,2,0.705464966,0.647922612,0.666968326,0.557692308
los_7,Proposed (Tuned),fasttext,2,0.724645654,0.216442801,0.919230769,0
mort_hosp,Proposed (Tuned),fasttext,3,0.872678158,0.559969759,0.913122172,0.426865672
mort_icu,Proposed (Tuned),fasttext,3,0.880703231,0.507035925,0.941855204,0.430155211
los_3,Proposed (Tuned),fasttext,3,0.698753036,0.642079557,0.665837104,0.560808802
los_7,Proposed (Tuned),fasttext,3,0.7197873,0.210850567,0.919230769,0
mort_hosp,Proposed (Tuned),fasttext,4,0.872200646,0.55280717,0.913800905,0.414746544
mort_icu,Proposed (Tuned),fasttext,4,0.879432184,0.50192968,0.941176471,0.43231441
los_3,Proposed (Tuned),fasttext,4,0.692871133,0.636955637,0.661764706,0.546832373
los_7,Proposed (Tuned),fasttext,4,0.730124489,0.212301416,0.919230769,0
mort_hosp,Proposed (Tuned),fasttext,5,0.878960948,0.572366637,0.917420814,0.473304473
mort_icu,Proposed (Tuned),fasttext,5,0.884105468,0.510218695,0.940723982,0.420353982
los_3,Proposed (Tuned),fasttext,5,0.700976338,0.645577502,0.663122172,0.568030171
los_7,Proposed (Tuned),fasttext,5,0.727559151,0.22498075,0.919230769,0
mort_hosp,Proposed (Tuned),fasttext,6,0.880519795,0.577705315,0.914479638,0.464589235
mort_icu,Proposed (Tuned),fasttext,6,0.881337222,0.506815338,0.940723982,0.422907489
los_3,Proposed (Tuned),fasttext,6,0.694449125,0.635976965,0.657239819,0.5089141
los_7,Proposed (Tuned),fasttext,6,0.738640226,0.234093689,0.919004525,0
mort_hosp,Proposed (Tuned),fasttext,7,0.875330461,0.554658875,0.912669683,0.45480226
mort_icu,Proposed (Tuned),fasttext,7,0.884623699,0.514936886,0.941855204,0.472279261
los_3,Proposed (Tuned),fasttext,7,0.700124149,0.64377955,0.657692308,0.544414333
los_7,Proposed (Tuned),fasttext,7,0.7208235,0.204289567,0.919230769,0
mort_hosp,Proposed (Tuned),fasttext,8,0.876393752,0.573312638,0.914479638,0.453757225
mort_icu,Proposed (Tuned),fasttext,8,0.882874284,0.508383776,0.941402715,0.423162584
los_3,Proposed (Tuned),fasttext,8,0.701791521,0.647497942,0.662895928,0.566356228
los_7,Proposed (Tuned),fasttext,8,0.746331415,0.229176852,0.919230769,0
mort_hosp,Proposed (Tuned),fasttext,9,0.876583894,0.562715727,0.91199095,0.463448276
mort_icu,Proposed (Tuned),fasttext,9,0.874435388,0.484759294,0.938687783,0.340632603
los_3,Proposed (Tuned),fasttext,9,0.701214056,0.643584404,0.660180995,0.55978898
los_7,Proposed (Tuned),fasttext,9,0.716320198,0.220834651,0.919683258,0.02739726
mort_hosp,Proposed (Tuned),fasttext,10,0.881119311,0.56628642,0.912669683,0.434017595
mort_icu,Proposed (Tuned),fasttext,10,0.882887317,0.509190799,0.940723982,0.422907489
los_3,Proposed (Tuned),fasttext,10,0.708537425,0.649860017,0.668099548,0.578084556
los_7,Proposed (Tuned),fasttext,10,0.725583268,0.214773539,0.919230769,0
